,accuracy,f1_macro,f1_weighted
lightgbm,0.8461538461538461,0.4583333333333333,0.8461538461538461
