,accuracy,f1_macro,f1_weighted
deberta,0.6521739130434783,0.6761904761904761,0.622360248447205
